firstName,lastName,email,phone
Duane,Barette,dbarette0@over-blog.com,Male
Carlota,Stille,cstille1@skype.com,Female
Vinnie,Gobel,vgobel2@a8.net,Male
Donni,Rennie,drennie3@e-recht24.de,Female
Blaire,Ragge,bragge4@oakley.com,Genderqueer
Tybie,Izzard,tizzard5@baidu.com,Polygender
Rhiamon,Connechy,rconnechy6@nydailynews.com,Female
Carroll,Royan,croyan7@whitehouse.gov,Genderqueer
Federico,Carleman,fcarleman8@weather.com,Male
Kellsie,Royall,kroyall9@ox.ac.uk,Female
Anstice,Tolson,atolsona@sina.com.cn,Female
Randy,Gaythorpe,rgaythorpeb@ameblo.jp,Male
Kelsy,Dalman,kdalmanc@about.com,Female
Wright,Aspall,waspalld@ovh.net,Male
Allen,Broinlich,abroinliche@nydailynews.com,Male
Angy,Petrashkov,apetrashkovf@myspace.com,Female
Opalina,Glen,ogleng@sourceforge.net,Female
Fiorenze,Lehr,flehrh@deviantart.com,Polygender
Audrie,Grundon,agrundoni@surveymonkey.com,Female
Dick,Vallack,dvallackj@sogou.com,Male
Janina,Tweddell,jtweddellk@marketwatch.com,Female
Tedd,Mayoral,tmayorall@examiner.com,Male
Hastie,Willatt,hwillattm@bbb.org,Male
Anneliese,Sawl,asawln@hibu.com,Female
Arnuad,Garaway,agarawayo@marriott.com,Male
Kalila,Aronow,karonowp@is.gd,Female
Sheila-kathryn,Bartoleyn,sbartoleynq@a8.net,Female
Viole,Vidgen,vvidgenr@odnoklassniki.ru,Female
Frieda,Itzak,fitzaks@cam.ac.uk,Female
Jewell,Tallowin,jtallowint@howstuffworks.com,Female
Lalo,Ericssen,lericssenu@chicagotribune.com,Male
Caitrin,Grimsdale,cgrimsdalev@seattletimes.com,Female
Chick,Gowman,cgowmanw@howstuffworks.com,Male
Ruby,O'Halloran,rohalloranx@meetup.com,Male
Neel,Victor,nvictory@msu.edu,Male
Tova,MacCague,tmaccaguez@cbsnews.com,Female
Izaak,Scotchbrook,iscotchbrook10@toplist.cz,Male
Almeda,Bruhnke,abruhnke11@comsenz.com,Female
Taber,Oxtiby,toxtiby12@drupal.org,Male
Bruno,Spurnier,bspurnier13@apple.com,Male
Frans,Garraway,fgarraway14@free.fr,Male
Pernell,Westcot,pwestcot15@free.fr,Male
Toni,Bartrap,tbartrap16@admin.ch,Female
Keith,Marklund,kmarklund17@histats.com,Male
Dru,Westoll,dwestoll18@squarespace.com,Female
Granville,Copins,gcopins19@wiley.com,Male
Maje,Plitz,mplitz1a@wordpress.com,Male
Sawyere,Lofts,slofts1b@gizmodo.com,Male
Theobald,Caldwell,tcaldwell1c@lycos.com,Male
Rikki,Slowey,rslowey1d@google.com.hk,Male
Orville,de Villier,odevillier1e@networksolutions.com,Male
Gorden,Petz,gpetz1f@wiley.com,Male
Leoine,Battleson,lbattleson1g@google.de,Female
Erskine,Crosson,ecrosson1h@epa.gov,Male
Demeter,Frankton,dfrankton1i@cnn.com,Genderfluid
Ardis,Scoyne,ascoyne1j@howstuffworks.com,Female
Cam,Crut,ccrut1k@yale.edu,Female
Mikey,McWilliam,mmcwilliam1l@amazon.com,Male
Sharla,Larroway,slarroway1m@ucsd.edu,Polygender
Merna,Wanklyn,mwanklyn1n@boston.com,Female
Zia,Evill,zevill1o@multiply.com,Female
Nanny,Ferraron,nferraron1p@jalbum.net,Agender
Lucy,Littleproud,llittleproud1q@cdbaby.com,Female
Horatia,Shemilt,hshemilt1r@rediff.com,Female
Fawne,Boylund,fboylund1s@vinaora.com,Bigender
Bethina,Gossan,bgossan1t@hatena.ne.jp,Female
Bethena,Behagg,bbehagg1u@discuz.net,Female
Emmi,Topes,etopes1v@businessinsider.com,Female
Bordy,Spoure,bspoure1w@ycombinator.com,Male
Read,Axup,raxup1x@com.com,Male
Wilt,Antram,wantram1y@bigcartel.com,Male
Gilli,Jestico,gjestico1z@trellian.com,Genderfluid
Tana,McConville,tmcconville20@telegraph.co.uk,Female
Dolf,Castelijn,dcastelijn21@opera.com,Male
Chrystel,Duprey,cduprey22@lycos.com,Female
Dulce,Veljes,dveljes23@miitbeian.gov.cn,Female
Bertha,Solon,bsolon24@alibaba.com,Female
Royce,Olliffe,rolliffe25@bandcamp.com,Male
Jon,Reeves,jreeves26@deviantart.com,Male
Pamelina,Parzis,pparzis27@si.edu,Female
Jillayne,Gallehawk,jgallehawk28@shareasale.com,Female
Baxie,Gosalvez,bgosalvez29@parallels.com,Male
Eydie,Cleere,ecleere2a@arstechnica.com,Female
Henderson,Bompass,hbompass2b@symantec.com,Male
Dita,Robiou,drobiou2c@washington.edu,Female
Pascal,Bickle,pbickle2d@cloudflare.com,Male
Libbi,Renzullo,lrenzullo2e@so-net.ne.jp,Female
Matty,Curnucke,mcurnucke2f@chron.com,Male
Currie,Sivyour,csivyour2g@imageshack.us,Male
Josephina,Sheron,jsheron2h@cbsnews.com,Female
Chariot,Olivas,colivas2i@pbs.org,Male
Julie,Nerne,jnerne2j@independent.co.uk,Male
Marina,Dollen,mdollen2k@nbcnews.com,Female
Bette,Goldthorp,bgoldthorp2l@aboutads.info,Female
Elga,Peasnone,epeasnone2m@unesco.org,Female
Fiorenze,Clooney,fclooney2n@utexas.edu,Female
Gregor,O'Keaveny,gokeaveny2o@surveymonkey.com,Male
Domingo,Pietruszka,dpietruszka2p@odnoklassniki.ru,Male
Isa,Gartell,igartell2q@google.es,Male
Melly,Walkden,mwalkden2r@blogs.com,Agender
Pincas,Chivrall,pchivrall2s@nifty.com,Male
Maridel,Samsonsen,msamsonsen2t@phoca.cz,Female
Seward,Rooson,srooson2u@pagesperso-orange.fr,Male
Monica,Drinkall,mdrinkall2v@clickbank.net,Female
Donella,Twiggins,dtwiggins2w@pinterest.com,Female
Cecil,Zelner,czelner2x@baidu.com,Male
Kleon,Lakeman,klakeman2y@mit.edu,Male
Filmer,Line,fline2z@howstuffworks.com,Male
Phyllys,Romagnosi,promagnosi30@macromedia.com,Female
Donia,Shrive,dshrive31@usda.gov,Bigender
Armand,Tofpik,atofpik32@businessweek.com,Male
Batholomew,Bunton,bbunton33@sfgate.com,Male
Claudelle,Salsberg,csalsberg34@trellian.com,Female
Kalil,Fishlock,kfishlock35@skyrock.com,Male
Selie,Antonov,santonov36@w3.org,Female
Lucien,Ride,lride37@joomla.org,Male
Matt,Leas,mleas38@cisco.com,Male
Ottilie,Derington,oderington39@furl.net,Female
Perren,Kenwyn,pkenwyn3a@berkeley.edu,Male
Philly,Aglione,paglione3b@about.com,Female
Yalonda,Issacson,yissacson3c@statcounter.com,Female
Cart,Ashingden,cashingden3d@miitbeian.gov.cn,Male
Halsey,Cavan,hcavan3e@opensource.org,Male
Norbie,Rive,nrive3f@ihg.com,Male
Corbin,Hurdiss,churdiss3g@slideshare.net,Male
Omero,Castana,ocastana3h@issuu.com,Male
Jase,Genery,jgenery3i@netlog.com,Male
Noble,Grealish,ngrealish3j@adobe.com,Male
Guillemette,Preator,gpreator3k@marketwatch.com,Female
Nollie,Hinstridge,nhinstridge3l@ezinearticles.com,Male
Kiah,Burtonshaw,kburtonshaw3m@seesaa.net,Female
Roobbie,Chiverton,rchiverton3n@accuweather.com,Female
Izzy,Cranstone,icranstone3o@yahoo.co.jp,Male
Emmet,MacCardle,emaccardle3p@tinypic.com,Male
Fulton,Grogona,fgrogona3q@usa.gov,Male
Ashlin,Scarce,ascarce3r@opensource.org,Male
Kore,Baumert,kbaumert3s@umich.edu,Female
Rycca,Giovannoni,rgiovannoni3t@1688.com,Female
Cyrus,Gramer,cgramer3u@livejournal.com,Male
Koren,Bentson,kbentson3v@ca.gov,Female
Alexine,Twigge,atwigge3w@wunderground.com,Female
Tadeas,Bernth,tbernth3x@gnu.org,Male
Benedict,Pennycord,bpennycord3y@google.com.hk,Male
Giff,Eidler,geidler3z@ucoz.com,Male
Flss,Lidbetter,flidbetter40@thetimes.co.uk,Female
Ariel,Eton,aeton41@cisco.com,Polygender
Vince,Thandi,vthandi42@naver.com,Male
Atlanta,Pillans,apillans43@jugem.jp,Agender
Lolita,Stitson,lstitson44@plala.or.jp,Female
Flor,Binion,fbinion45@mashable.com,Female
Ted,Egleton,tegleton46@hostgator.com,Female
Valera,Lomaz,vlomaz47@example.com,Bigender
Lilly,Outram,loutram48@ebay.com,Female
Carney,Parlett,cparlett49@wikipedia.org,Bigender
Giulio,Fanner,gfanner4a@ft.com,Male
Townsend,Pablos,tpablos4b@drupal.org,Male
Toddy,Kennady,tkennady4c@nyu.edu,Male
Skelly,Tilbrook,stilbrook4d@hugedomains.com,Male
Bern,Cockett,bcockett4e@berkeley.edu,Male
Delmer,Varah,dvarah4f@typepad.com,Male
Ashia,Esmond,aesmond4g@livejournal.com,Female
Orin,Franzetti,ofranzetti4h@live.com,Male
Gerrie,Dishman,gdishman4i@engadget.com,Male
Antonio,Scedall,ascedall4j@cloudflare.com,Male
Freeman,Vouls,fvouls4k@netscape.com,Male
Benedict,Bottleson,bbottleson4l@toplist.cz,Male
Byron,Pinney,bpinney4m@bloglovin.com,Male
Judas,Beadnell,jbeadnell4n@csmonitor.com,Male
Jewel,Guiton,jguiton4o@blogger.com,Female
Joshuah,Faulkes,jfaulkes4p@over-blog.com,Male
Peria,Bradforth,pbradforth4q@msu.edu,Female
Vanny,Lewins,vlewins4r@imdb.com,Female
Katleen,Walkling,kwalkling4s@xinhuanet.com,Polygender
Kynthia,Egglestone,kegglestone4t@amazon.co.jp,Female
Ephraim,Roach,eroach4u@163.com,Male
Carry,Tree,ctree4v@amazon.co.jp,Female
Christy,Bamborough,cbamborough4w@rediff.com,Female
Axel,Hayne,ahayne4x@hexun.com,Male
Marge,Esposita,mesposita4y@imageshack.us,Female
Evered,Arington,earington4z@forbes.com,Male
Giorgia,Bealing,gbealing50@bluehost.com,Female
Lindsey,Scoggan,lscoggan51@sourceforge.net,Male
Stearn,Harbord,sharbord52@is.gd,Male
Bianca,Borth,bborth53@live.com,Female
Gwenni,Minifie,gminifie54@huffingtonpost.com,Female
Ulrich,Bushell,ubushell55@aol.com,Male
Wenonah,Woolatt,wwoolatt56@go.com,Female
Ninette,Maase,nmaase57@businessinsider.com,Female
Bill,Arstall,barstall58@nba.com,Female
Tamqrah,Cuttelar,tcuttelar59@hibu.com,Genderfluid
Eldridge,Wilsee,ewilsee5a@redcross.org,Male
Griz,Fantin,gfantin5b@linkedin.com,Male
Sunny,Bidewel,sbidewel5c@army.mil,Male
Ruy,Rosenstiel,rrosenstiel5d@mozilla.org,Male
Tonye,Piatto,tpiatto5e@soup.io,Female
Shaylah,Jelleman,sjelleman5f@state.gov,Female
Harli,Kimbley,hkimbley5g@redcross.org,Female
Aleen,Nucciotti,anucciotti5h@europa.eu,Polygender
Leelah,Jerram,ljerram5i@xrea.com,Female
Alexandre,Iacovazzi,aiacovazzi5j@photobucket.com,Male
Marcie,Skim,mskim5k@hexun.com,Female
Gradeigh,Gerwood,ggerwood5l@trellian.com,Male
Kordula,Danielski,kdanielski5m@ca.gov,Female
Rollins,Hawsby,rhawsby5n@reuters.com,Male
Kahaleel,Eller,keller5o@taobao.com,Male
Alley,Fowles,afowles5p@bloglines.com,Male
Moyra,Filipovic,mfilipovic5q@nationalgeographic.com,Female
Ulrick,Stockey,ustockey5r@cam.ac.uk,Male
Hazel,Hobgen,hhobgen5s@rambler.ru,Female
Melitta,Casotti,mcasotti5t@xing.com,Female
Dalston,Forrest,dforrest5u@ycombinator.com,Agender
Jaymee,Brito,jbrito5v@artisteer.com,Agender
Myrna,Guitel,mguitel5w@cnet.com,Female
Denise,Guye,dguye5x@omniture.com,Female
Hamlin,Stockau,hstockau5y@miitbeian.gov.cn,Male
Anabelle,Haisell,ahaisell5z@ameblo.jp,Female
Blayne,Munkley,bmunkley60@nba.com,Male
Merralee,Latty,mlatty61@time.com,Female
Gavin,Otley,gotley62@reverbnation.com,Male
Eimile,Iacivelli,eiacivelli63@reddit.com,Female
Olenka,Siggin,osiggin64@cisco.com,Female
Burnard,Reckus,breckus65@rediff.com,Agender
Zacharia,Venturoli,zventuroli66@scribd.com,Male
Genovera,Manning,gmanning67@biglobe.ne.jp,Female
Belicia,Skittrell,bskittrell68@telegraph.co.uk,Female
Shaine,Pierri,spierri69@symantec.com,Male
Vladamir,Kiossel,vkiossel6a@reference.com,Male
Fawne,Lochrie,flochrie6b@businessinsider.com,Female
Lanna,Mayou,lmayou6c@home.pl,Female
Kayla,Dagger,kdagger6d@prweb.com,Female
Ronnica,Wohlers,rwohlers6e@bizjournals.com,Genderqueer
Paulina,Baff,pbaff6f@examiner.com,Female
Kyla,Bottelstone,kbottelstone6g@zdnet.com,Female
Druci,Darbishire,ddarbishire6h@cbslocal.com,Female
Vita,Crady,vcrady6i@blog.com,Female
Whitney,Allone,wallone6j@smugmug.com,Female
Jehanna,McCloughlin,jmccloughlin6k@thetimes.co.uk,Female
Farlie,Gulvin,fgulvin6l@unesco.org,Genderqueer
Yorgos,Barrack,ybarrack6m@ftc.gov,Male
Lynna,Willmetts,lwillmetts6n@fda.gov,Female
Kelbee,Logg,klogg6o@com.com,Male
Rip,Scheffel,rscheffel6p@fc2.com,Male
Boyce,Douty,bdouty6q@sfgate.com,Male
Auberon,Felten,afelten6r@amazon.de,Male
Herby,Yellowley,hyellowley6s@gravatar.com,Male
Tucky,Janiszewski,tjaniszewski6t@nature.com,Male
Karlik,Filisov,kfilisov6u@mozilla.org,Male
Upton,Joseff,ujoseff6v@posterous.com,Male
Sarita,Relph,srelph6w@yolasite.com,Agender
Leonardo,Goshawke,lgoshawke6x@photobucket.com,Non-binary
Adrian,Lezemore,alezemore6y@imgur.com,Agender
Marys,Knights,mknights6z@vk.com,Female
Elora,Landes,elandes70@hostgator.com,Female
Sabina,Thacker,sthacker71@digg.com,Female
Domenic,Swede,dswede72@t-online.de,Male
Aridatha,O'Hallihane,aohallihane73@pinterest.com,Female
Joy,Boyne,jboyne74@uol.com.br,Female
Linnell,Sommerlie,lsommerlie75@businessweek.com,Female
Othilie,Zapatero,ozapatero76@cisco.com,Female
Kikelia,Basnall,kbasnall77@gravatar.com,Genderqueer
Meredeth,Reddick,mreddick78@springer.com,Male
Yehudit,Stenett,ystenett79@360.cn,Male
Maximilian,Lehemann,mlehemann7a@ft.com,Genderfluid
Mame,Letixier,mletixier7b@usatoday.com,Female
Editha,Bridewell,ebridewell7c@whitehouse.gov,Female
Tootsie,Champkins,tchampkins7d@opensource.org,Bigender
Phillipe,Haselgrove,phaselgrove7e@businessinsider.com,Male
Felike,Sheeran,fsheeran7f@harvard.edu,Male
Danie,McCuis,dmccuis7g@sbwire.com,Male
Chickie,Naseby,cnaseby7h@stanford.edu,Female
Daryle,Beadel,dbeadel7i@wisc.edu,Male
Madlen,Alsina,malsina7j@chronoengine.com,Female
Helaina,Feakins,hfeakins7k@purevolume.com,Female
Kin,Sumshon,ksumshon7l@nbcnews.com,Male
Luis,Rearden,lrearden7m@sina.com.cn,Genderfluid
Mason,Klimecki,mklimecki7n@indiatimes.com,Polygender
Renato,Worham,rworham7o@oracle.com,Male
Auguste,Cowley,acowley7p@artisteer.com,Female
Gregoire,Woof,gwoof7q@guardian.co.uk,Male
Clive,Meadus,cmeadus7r@engadget.com,Male
Borg,Grimmert,bgrimmert7s@bizjournals.com,Male
Morganica,Hallstone,mhallstone7t@paginegialle.it,Female
Phyllis,St Pierre,pstpierre7u@ask.com,Female
Edith,Darlow,edarlow7v@wp.com,Female
Esme,Siggee,esiggee7w@cafepress.com,Male
Karlen,Goneau,kgoneau7x@artisteer.com,Female
Lenard,Duckworth,lduckworth7y@tmall.com,Male
Milt,Spir,mspir7z@blogspot.com,Male
Jarred,Phillps,jphillps80@mlb.com,Male
Nadean,Larmett,nlarmett81@blogs.com,Female
Ardys,McGhee,amcghee82@cpanel.net,Female
Dela,Ulrik,dulrik83@arizona.edu,Female
Aldridge,Sanbrooke,asanbrooke84@over-blog.com,Male
Deloria,McCrorie,dmccrorie85@senate.gov,Genderfluid
Arte,Braz,abraz86@themeforest.net,Male
Buddy,Will,bwill87@huffingtonpost.com,Male
Hortensia,Caramuscia,hcaramuscia88@timesonline.co.uk,Female
Saxe,Mardell,smardell89@themeforest.net,Male
Johny,Romme,jromme8a@odnoklassniki.ru,Male
Kenneth,Sonschein,ksonschein8b@squidoo.com,Male
Kala,Strutley,kstrutley8c@live.com,Female
Misti,Mountfort,mmountfort8d@google.it,Female
Zolly,Dymidowicz,zdymidowicz8e@vinaora.com,Male
Gery,Larby,glarby8f@dropbox.com,Polygender
Farlie,Vicarey,fvicarey8g@cnbc.com,Male
Oralie,Floyd,ofloyd8h@bluehost.com,Female
Aurie,Pignon,apignon8i@abc.net.au,Female
Wilow,Tythacott,wtythacott8j@nbcnews.com,Female
Trueman,Chatters,tchatters8k@ehow.com,Male
Wainwright,Duerden,wduerden8l@pbs.org,Non-binary
Antonio,Glas,aglas8m@histats.com,Male
Wendell,Hanhardt,whanhardt8n@cnn.com,Polygender
Bendix,Milsap,bmilsap8o@booking.com,Male
Rochester,Chattaway,rchattaway8p@sphinn.com,Male
Burgess,Rippon,brippon8q@comsenz.com,Male
Bondy,Crolla,bcrolla8r@weibo.com,Male
Mareah,Darycott,mdarycott8s@shareasale.com,Female
Laughton,Ridger,lridger8t@hostgator.com,Male
Fredrika,Vedyashkin,fvedyashkin8u@uol.com.br,Female
Bianka,Boldt,bboldt8v@biblegateway.com,Female
Tracey,Klamman,tklamman8w@washington.edu,Female
Marv,Hatherall,mhatherall8x@loc.gov,Male
Llewellyn,Duddy,lduddy8y@virginia.edu,Male
Albrecht,Wrennall,awrennall8z@qq.com,Male
Rebekkah,Taunton.,rtaunton90@opera.com,Female
Thom,Clemencon,tclemencon91@wikispaces.com,Male
Aurelia,Syson,asyson92@ebay.com,Polygender
Jamima,O'Hagirtie,johagirtie93@webnode.com,Female
Randie,Clurow,rclurow94@cmu.edu,Male
Ernest,De Nisco,edenisco95@drupal.org,Male
Vi,Taffee,vtaffee96@cloudflare.com,Female
Perry,Dorsett,pdorsett97@comsenz.com,Male
Elenore,Pealing,epealing98@topsy.com,Female
Raimondo,Whitear,rwhitear99@unicef.org,Male
Essy,Hentze,ehentze9a@seesaa.net,Female
Nona,Biermatowicz,nbiermatowicz9b@nhs.uk,Female
Howey,Rolf,hrolf9c@redcross.org,Male
Cherrita,Beinisch,cbeinisch9d@answers.com,Female
Elnar,Arkle,earkle9e@163.com,Male
Andris,Stubbins,astubbins9f@pcworld.com,Male
Konstanze,McCrackem,kmccrackem9g@gizmodo.com,Polygender
Rees,Guerrieri,rguerrieri9h@scientificamerican.com,Male
Filberte,Valentinetti,fvalentinetti9i@redcross.org,Male
Therine,McClelland,tmcclelland9j@topsy.com,Female
Edwina,Jirsa,ejirsa9k@digg.com,Non-binary
Ximenes,Shipsey,xshipsey9l@mayoclinic.com,Male
Pooh,Parmenter,pparmenter9m@flavors.me,Male
Graig,Demeza,gdemeza9n@china.com.cn,Male
Mikaela,Gobat,mgobat9o@oaic.gov.au,Female
Sebastiano,Southwell,ssouthwell9p@biglobe.ne.jp,Male
Irena,Harwell,iharwell9q@infoseek.co.jp,Female
Korney,Hurll,khurll9r@t-online.de,Female
Effie,Gockelen,egockelen9s@livejournal.com,Female
Adriano,Chadburn,achadburn9t@redcross.org,Male
Arlina,Dreghorn,adreghorn9u@printfriendly.com,Agender
Regan,Blandamore,rblandamore9v@businessinsider.com,Female
Annadiane,Amiable,aamiable9w@bloglines.com,Female
Barbra,Wilcox,bwilcox9x@51.la,Female
Jacinta,Barreau,jbarreau9y@mozilla.org,Genderqueer
Lilia,Anderton,landerton9z@columbia.edu,Bigender
Vernen,Stemp,vstempa0@altervista.org,Male
Ariela,Brearty,abreartya1@cargocollective.com,Bigender
Giff,Pluck,gplucka2@prnewswire.com,Male
Dre,Maypowder,dmaypowdera3@dagondesign.com,Female
Vivienne,Skillman,vskillmana4@ucoz.ru,Female
Nikola,Getch,ngetcha5@hubpages.com,Male
Laura,Butterfint,lbutterfinta6@mit.edu,Female
Cristi,Beckitt,cbeckitta7@mashable.com,Female
Ulises,Meigh,umeigha8@w3.org,Male
Cordey,Musso,cmussoa9@flickr.com,Female
Edvard,McWhannel,emcwhannelaa@google.fr,Male
Charlotte,Bonome,cbonomeab@reddit.com,Female
Arlen,Rose,aroseac@g.co,Female
Paxon,Follows,pfollowsad@xrea.com,Agender
Lisette,Petroff,lpetroffae@google.ca,Female
Tedda,Mawson,tmawsonaf@japanpost.jp,Female
Otto,Sparke,osparkeag@harvard.edu,Male
Druci,Mandell,dmandellah@buzzfeed.com,Female
Gram,Wraggs,gwraggsai@prweb.com,Male
Calvin,Dunham,cdunhamaj@nhs.uk,Male
Gillan,Courtliff,gcourtliffak@upenn.edu,Female
Davidson,Prosch,dproschal@dedecms.com,Male
Conchita,Ferencz,cferenczam@umich.edu,Female
Clyve,Kimbrey,ckimbreyan@google.co.jp,Male
Filberte,Janouch,fjanouchao@yellowpages.com,Male
Hunt,Patershall,hpatershallap@pcworld.com,Male
Arlina,Goulder,agoulderaq@unc.edu,Female
Erasmus,Bracknell,ebracknellar@t.co,Male
Linda,McElrea,lmcelreaas@prlog.org,Female
Rowland,Rochford,rrochfordat@amazon.co.jp,Male
Perl,O'Day,podayau@1688.com,Female
Cindee,Shacklady,cshackladyav@amazon.co.jp,Female
Else,Brede,ebredeaw@addtoany.com,Female
Judah,Ottey,jotteyax@dailymail.co.uk,Male
Paddy,De Vere,pdevereay@intel.com,Male
Norry,Snaddin,nsnaddinaz@jalbum.net,Polygender
Kylynn,Laxen,klaxenb0@upenn.edu,Female
Igor,Juett,ijuettb1@desdev.cn,Male
Avivah,Fry,afryb2@ca.gov,Female
Marve,Frazier,mfrazierb3@cam.ac.uk,Male
Bride,Spreadbury,bspreadburyb4@ft.com,Female
Clovis,Matthewson,cmatthewsonb5@aboutads.info,Female
Mamie,Smallthwaite,msmallthwaiteb6@tinyurl.com,Female
Alta,Gleadle,agleadleb7@digg.com,Female
Wyndham,Gwalter,wgwalterb8@ow.ly,Genderqueer
Jane,Fessions,jfessionsb9@angelfire.com,Female
Raphael,Guitel,rguitelba@creativecommons.org,Male
Orran,Dallman,odallmanbb@comsenz.com,Male
Babs,Wayman,bwaymanbc@shareasale.com,Female
Adan,O' Connell,aoconnellbd@un.org,Male
Zebulon,Riall,zriallbe@go.com,Male
Gradeigh,Gilmore,ggilmorebf@geocities.jp,Male
Deane,Mattin,dmattinbg@nature.com,Female
Ninnetta,Kilius,nkiliusbh@engadget.com,Female
Euphemia,Goldsack,egoldsackbi@cyberchimps.com,Female
Augustin,Jaycox,ajaycoxbj@usa.gov,Male
Caryl,Lumby,clumbybk@macromedia.com,Female
Stinky,Twopenny,stwopennybl@bluehost.com,Male
Sophronia,Hainsworth,shainsworthbm@example.com,Female
Felipa,Panons,fpanonsbn@t-online.de,Female
Faunie,Gower,fgowerbo@goo.gl,Female
Wilt,Hebbes,whebbesbp@businessinsider.com,Bigender
Eugenius,Boddice,eboddicebq@google.ru,Male
Babbie,Pauleau,bpauleaubr@mozilla.com,Female
Renate,Inchbald,rinchbaldbs@paginegialle.it,Female
Barb,Kirkpatrick,bkirkpatrickbt@bloglines.com,Female
Lionello,Josebury,ljoseburybu@dropbox.com,Male
Gerrilee,Widdall,gwiddallbv@wikia.com,Non-binary
Alfons,Ambrogioni,aambrogionibw@devhub.com,Male
Garner,Pusill,gpusillbx@hao123.com,Male
Normy,Corzon,ncorzonby@sogou.com,Male
Holly-anne,Hallmark,hhallmarkbz@amazon.de,Female
Lynnet,Spire,lspirec0@hibu.com,Female
Reggi,Hopewell,rhopewellc1@mail.ru,Female
Celestia,Stansbury,cstansburyc2@amazonaws.com,Female
Owen,Boot,obootc3@wix.com,Male
Marlon,Castelli,mcastellic4@ehow.com,Male
Vincents,McMonies,vmcmoniesc5@uiuc.edu,Male
Kalie,O' Bee,kobeec6@google.cn,Female
Flor,Dymick,fdymickc7@amazonaws.com,Female
Alwin,Maddigan,amaddiganc8@answers.com,Male
Celestina,Doick,cdoickc9@elegantthemes.com,Female
Brittani,Whylie,bwhylieca@dion.ne.jp,Polygender
Katerine,Winspire,kwinspirecb@apache.org,Female
Eudora,Benduhn,ebenduhncc@360.cn,Female
Winnifred,Lichfield,wlichfieldcd@marketwatch.com,Female
Kalle,Glavis,kglavisce@ucsd.edu,Male
Wald,Spall,wspallcf@ft.com,Polygender
Anjela,Ancliffe,aancliffecg@wordpress.org,Female
Lutero,Maciak,lmaciakch@youtube.com,Male
Reginald,Hellicar,rhellicarci@bigcartel.com,Male
Jessa,Labadini,jlabadinicj@sfgate.com,Female
Morganne,Stolz,mstolzck@paginegialle.it,Female
Neville,Benjafield,nbenjafieldcl@fda.gov,Male
Oliviero,Spier,ospiercm@miibeian.gov.cn,Male
Fabe,McGlashan,fmcglashancn@google.ca,Polygender
Ignace,Wyldbore,iwyldboreco@mit.edu,Male
Alejoa,Fiennes,afiennescp@narod.ru,Male
Bamby,Scheffler,bschefflercq@yahoo.com,Female
Ivonne,Meir,imeircr@devhub.com,Female
Sheffy,Nicklinson,snicklinsoncs@zimbio.com,Male
Juan,Banfill,jbanfillct@vinaora.com,Male
Fredericka,Marfield,fmarfieldcu@google.com.au,Genderqueer
Orv,Geharke,ogeharkecv@yolasite.com,Male
Davida,Cossor,dcossorcw@xinhuanet.com,Female
Torrie,Reek,treekcx@jalbum.net,Agender
Davida,Harrop,dharropcy@eventbrite.com,Female
Judas,McAw,jmcawcz@lulu.com,Male
Doralin,Whieldon,dwhieldond0@bing.com,Genderqueer
Ky,Dei,kdeid1@abc.net.au,Male
Alexi,Rassmann,arassmannd2@wikimedia.org,Female
Zerk,Langlands,zlanglandsd3@smh.com.au,Male
Clarie,Lattin,clattind4@dailymail.co.uk,Female
Desmond,Glossop,dglossopd5@cpanel.net,Male
Farrel,Calverley,fcalverleyd6@mozilla.com,Male
Dewain,Sowerbutts,dsowerbuttsd7@ucla.edu,Male
Sibylle,Willshire,swillshired8@squidoo.com,Female
Farlay,Gritsunov,fgritsunovd9@yahoo.co.jp,Genderqueer
Richie,Le Teve,rleteveda@tuttocitta.it,Male
Arty,Titchen,atitchendb@ustream.tv,Male
Gaston,Rawlcliffe,grawlcliffedc@rediff.com,Male
Carrie,Beddoe,cbeddoedd@reuters.com,Female
Cherish,Paule,cpaulede@opensource.org,Female
Jacynth,Marrett,jmarrettdf@jiathis.com,Female
Thatcher,Mort,tmortdg@elpais.com,Male
Dorena,Corbet,dcorbetdh@theatlantic.com,Female
Major,Dewhirst,mdewhirstdi@timesonline.co.uk,Male
Leonie,Twomey,ltwomeydj@ehow.com,Female
Orren,Depport,odepportdk@weibo.com,Male
Tannie,O'Dowd,todowddl@ezinearticles.com,Male
Irma,Yeandel,iyeandeldm@webs.com,Female
Arlena,Aveline,aavelinedn@nydailynews.com,Female
Doti,Steadman,dsteadmando@addthis.com,Female
Marti,Burdus,mburdusdp@php.net,Female
Miguel,Louw,mlouwdq@upenn.edu,Male
Chad,Oleszkiewicz,coleszkiewiczdr@dyndns.org,Female
Nannette,Benedict,nbenedictds@cnet.com,Female
Zackariah,Betun,zbetundt@woothemes.com,Agender
Petra,Gallacher,pgallacherdu@behance.net,Female
Odey,Crathorne,ocrathornedv@shareasale.com,Male
Ferd,Goulbourn,fgoulbourndw@creativecommons.org,Male
Ivonne,Coleby,icolebydx@imgur.com,Female
Asa,Bygrave,abygravedy@google.es,Male
Daloris,Stonebanks,dstonebanksdz@tuttocitta.it,Female
Alford,Mangion,amangione0@nydailynews.com,Male
May,Kiellor,mkiellore1@mysql.com,Female
Jarrod,Fellows,jfellowse2@gmpg.org,Male
Larissa,Hindmore,lhindmoree3@sfgate.com,Female
Wendall,Gillard,wgillarde4@mail.ru,Male
Joanna,Benitti,jbenittie5@livejournal.com,Female
Dayle,Catenot,dcatenote6@freewebs.com,Female
Candace,Shields,cshieldse7@merriam-webster.com,Female
Vanna,Dobrovolski,vdobrovolskie8@desdev.cn,Female
Caralie,Crole,ccrolee9@google.es,Genderfluid
Arch,Scarf,ascarfea@pen.io,Male
Emmery,Tranckle,etranckleeb@mtv.com,Male
Field,Maffy,fmaffyec@va.gov,Male
Leonora,Philpot,lphilpoted@marketwatch.com,Female
Mickey,O'Grogane,mogroganeee@columbia.edu,Male
Ruy,Jeste,rjesteef@nyu.edu,Male
Heather,Mathey,hmatheyeg@digg.com,Female
Carmela,Bingall,cbingalleh@dropbox.com,Female
Edlin,Dallender,edallenderei@narod.ru,Male
Blythe,Turfus,bturfusej@delicious.com,Female
Khalil,Smithson,ksmithsonek@mit.edu,Male
Garfield,Bentote,gbentoteel@indiegogo.com,Male
Sean,Hastilow,shastilowem@nature.com,Female
Reinwald,Maytum,rmaytumen@homestead.com,Male
Rochester,Rickwood,rrickwoodeo@mozilla.org,Genderqueer
Imogen,Murby,imurbyep@stumbleupon.com,Female
Sabra,Berkely,sberkelyeq@taobao.com,Female
Bonnee,Telford,btelforder@odnoklassniki.ru,Female
Corliss,Dracey,cdraceyes@redcross.org,Female
Hayyim,Snow,hsnowet@lycos.com,Agender
Benny,Niesing,bniesingeu@elpais.com,Female
Montgomery,Huelin,mhuelinev@g.co,Genderfluid
Berti,Rainger,braingerew@google.ca,Female
Nikolai,Crannage,ncrannageex@weebly.com,Male
Luise,Bleakley,lbleakleyey@ox.ac.uk,Female
Darrell,Yanyshev,dyanyshevez@homestead.com,Male
Koren,Lodemann,klodemannf0@altervista.org,Female
Daniella,Letrange,dletrangef1@printfriendly.com,Female
Naomi,Father,nfatherf2@webs.com,Female
Lauralee,Firebrace,lfirebracef3@admin.ch,Female
Jere,Pitford,jpitfordf4@mozilla.org,Female
Laurette,Berkelay,lberkelayf5@irs.gov,Female
Ode,Ashment,oashmentf6@umich.edu,Polygender
Sandye,Harvett,sharvettf7@apache.org,Female
Trixy,Eleshenar,teleshenarf8@stanford.edu,Female
Marcille,Sadlier,msadlierf9@ifeng.com,Female
Eleen,Dencs,edencsfa@utexas.edu,Female
Ernest,Proffer,eprofferfb@addthis.com,Male
Jamison,Hendrickx,jhendrickxfc@bloglovin.com,Male
Corie,Lavallin,clavallinfd@edublogs.org,Female
Gus,Lancett,glancettfe@wsj.com,Male
Robinet,Mabe,rmabeff@forbes.com,Female
Lynnea,Caws,lcawsfg@is.gd,Female
Neda,Whitlaw,nwhitlawfh@walmart.com,Female
Robbie,Mariotte,rmariottefi@geocities.com,Male
Katleen,Harmond,kharmondfj@ning.com,Female
Kenn,Lowing,klowingfk@twitter.com,Male
Oliy,Thorburn,othorburnfl@biblegateway.com,Female
Frederic,Eldrid,feldridfm@cam.ac.uk,Male
Caddric,Bentote,cbentotefn@shop-pro.jp,Male
Yovonnda,Zelner,yzelnerfo@amazonaws.com,Female
Ophelie,Ayris,oayrisfp@wordpress.org,Female
Tripp,Cowlard,tcowlardfq@friendfeed.com,Male
Jan,Levey,jleveyfr@microsoft.com,Genderqueer
Monika,Westwater,mwestwaterfs@tinyurl.com,Genderqueer
Ruggiero,Croix,rcroixft@geocities.com,Male
Ashia,Helwig,ahelwigfu@dedecms.com,Female
Ediva,Forrestill,eforrestillfv@ucoz.ru,Polygender
Jessi,Lygoe,jlygoefw@bbc.co.uk,Female
Angel,Caughtry,acaughtryfx@walmart.com,Male
Jewel,McGuff,jmcgufffy@hhs.gov,Female
Hube,Robens,hrobensfz@springer.com,Male
Peirce,Rosie,prosieg0@pcworld.com,Male
Shannen,Gave,sgaveg1@artisteer.com,Female
Norry,Rosendahl,nrosendahlg2@wikipedia.org,Male
Debi,Littrell,dlittrellg3@amazon.de,Female
Anthony,Batthew,abatthewg4@tamu.edu,Male
Allard,Di Lucia,adiluciag5@imdb.com,Male
Price,Illston,pillstong6@mac.com,Male
Yehudit,Jurgenson,yjurgensong7@independent.co.uk,Male
Ossie,Cairns,ocairnsg8@ifeng.com,Male
Daniella,Emlen,demleng9@stanford.edu,Female
Calv,Leger,clegerga@google.pl,Male
Ephraim,Hannah,ehannahgb@fotki.com,Agender
Jeremias,Crackel,jcrackelgc@mayoclinic.com,Male
Rivkah,Abbs,rabbsgd@si.edu,Female
Irvin,Bautiste,ibautistege@istockphoto.com,Male
Orrin,Abramski,oabramskigf@slashdot.org,Male
Rania,Gauge,rgaugegg@clickbank.net,Female
Jarrid,Halleybone,jhalleybonegh@bandcamp.com,Agender
Faun,Stife,fstifegi@economist.com,Female
Edeline,Hailes,ehailesgj@gravatar.com,Female
Marylee,Delgaty,mdelgatygk@exblog.jp,Female
Fredelia,Moakes,fmoakesgl@telegraph.co.uk,Female
Allister,Newarte,anewartegm@alexa.com,Male
Bertie,Knivett,bknivettgn@xinhuanet.com,Male
Jonas,Hefferan,jhefferango@slashdot.org,Male
Riccardo,Canadine,rcanadinegp@gnu.org,Male
Sandro,Clough,scloughgq@soundcloud.com,Male
Brnaba,Braysher,bbrayshergr@foxnews.com,Male
Mitch,Mathey,mmatheygs@shinystat.com,Male
Fabiano,Charte,fchartegt@bloglovin.com,Male
Aloise,Huntar,ahuntargu@admin.ch,Female
Bea,Joubert,bjoubertgv@ebay.com,Female
Johny,Jannasch,jjannaschgw@about.me,Polygender
Garth,Ingarfill,gingarfillgx@wikipedia.org,Male
Ailyn,Phripp,aphrippgy@gravatar.com,Female
Wiley,MacMenamie,wmacmenamiegz@thetimes.co.uk,Male
Sim,Hoston,shostonh0@reverbnation.com,Male
Happy,Kinnear,hkinnearh1@aol.com,Female
Rosabella,Balsom,rbalsomh2@umn.edu,Female
Kylila,McGillecole,kmcgillecoleh3@apache.org,Female
Nickolai,Hadigate,nhadigateh4@shinystat.com,Male
Lorrie,Osgar,losgarh5@is.gd,Polygender
Pamelina,Worssam,pworssamh6@comcast.net,Female
Reggis,Dell,rdellh7@webeden.co.uk,Male
Les,Burndred,lburndredh8@jigsy.com,Male
Oliver,Vanyarkin,ovanyarkinh9@unc.edu,Male
Sigismund,Elias,seliasha@ucoz.com,Male
Fannie,Ickovici,fickovicihb@bravesites.com,Genderfluid
Ferdinand,Klulicek,fklulicekhc@live.com,Male
Denney,Vigars,dvigarshd@abc.net.au,Male
Vincenty,Van Hault,vvanhaulthe@privacy.gov.au,Male
Modestia,O'Mahoney,momahoneyhf@cyberchimps.com,Female
Meir,Vinker,mvinkerhg@ycombinator.com,Male
Frankie,Linnit,flinnithh@apple.com,Male
Lilia,Prangle,lpranglehi@gravatar.com,Female
Ly,Skipperbottom,lskipperbottomhj@boston.com,Male
Etienne,Kose,ekosehk@ifeng.com,Male
Gunner,Gartrell,ggartrellhl@japanpost.jp,Male
Shep,Prevett,sprevetthm@zimbio.com,Male
Charlean,Hoggan,chogganhn@google.es,Female
Sylvan,Shevlane,sshevlaneho@mlb.com,Polygender
Bobbye,Lougheid,blougheidhp@pagesperso-orange.fr,Female
Zulema,Fearnehough,zfearnehoughhq@icio.us,Female
Erinn,Whitcher,ewhitcherhr@biblegateway.com,Female
Claresta,Croan,ccroanhs@tripod.com,Bigender
Patrica,Munt,pmuntht@nbcnews.com,Female
Giavani,Hugli,ghuglihu@usnews.com,Male
Candie,Baldrick,cbaldrickhv@reverbnation.com,Female
Reggie,Calleja,rcallejahw@accuweather.com,Male
Jillie,Grellis,jgrellishx@deliciousdays.com,Female
Savina,Winch,swinchhy@patch.com,Female
Marty,Robecon,mrobeconhz@woothemes.com,Male
Arley,Hallford,ahallfordi0@163.com,Male
Jesse,Inchley,jinchleyi1@booking.com,Female
Cordie,Ettels,cettelsi2@example.com,Male
Rubina,Fazakerley,rfazakerleyi3@hexun.com,Female
Tilly,Gotfrey,tgotfreyi4@reference.com,Female
Christoforo,Slaight,cslaighti5@so-net.ne.jp,Male
Jana,Stenhouse,jstenhousei6@wordpress.com,Female
Hazlett,Signe,hsignei7@altervista.org,Male
Karlyn,Rounsefull,krounsefulli8@shareasale.com,Female
Valenka,Crutchley,vcrutchleyi9@yellowpages.com,Female
Boigie,Hazelhurst,bhazelhurstia@ox.ac.uk,Male
Job,Cumpsty,jcumpstyib@dyndns.org,Male
Brooks,Schruyers,bschruyersic@va.gov,Genderqueer
Prissie,Letrange,pletrangeid@berkeley.edu,Female
Clem,Pontin,cpontinie@flavors.me,Male
Dorrie,Augustine,daugustineif@sphinn.com,Female
Gray,O'Riordan,goriordanig@microsoft.com,Agender
Jeremiah,Chieze,jchiezeih@redcross.org,Male
Danna,Wardhough,dwardhoughii@a8.net,Female
Jasmin,Hutchins,jhutchinsij@goo.ne.jp,Female
Wyatt,Cutsforth,wcutsforthik@biblegateway.com,Polygender
Wendy,Mustin,wmustinil@hexun.com,Female
Zebadiah,Noblett,znoblettim@huffingtonpost.com,Male
Domini,Baudasso,dbaudassoin@vimeo.com,Bigender
Joseito,Jephson,jjephsonio@uiuc.edu,Male
Siffre,Prazor,sprazorip@reference.com,Male
Cari,Serchwell,cserchwelliq@buzzfeed.com,Female
Elyn,Branche,ebrancheir@princeton.edu,Female
Allard,Elkin,aelkinis@samsung.com,Male
Bill,Akaster,bakasterit@dmoz.org,Male
Herbie,Whitechurch,hwhitechurchiu@bing.com,Male
Elsy,Joiris,ejoirisiv@123-reg.co.uk,Female
Jasmina,Ragg,jraggiw@lulu.com,Female
Ave,Fieldgate,afieldgateix@hao123.com,Male
Aretha,Polfer,apolferiy@github.io,Female
Rosanna,Jacobssen,rjacobsseniz@163.com,Female
Say,Linskey,slinskeyj0@google.es,Male
Reade,Duiged,rduigedj1@google.co.uk,Male
Gert,Paudin,gpaudinj2@sogou.com,Female
Whitman,Swayte,wswaytej3@over-blog.com,Male
Peder,Bernolet,pbernoletj4@wikispaces.com,Male
Bessy,Olivet,bolivetj5@bbc.co.uk,Female
Arnie,O' Neligan,aoneliganj6@cpanel.net,Male
Kirby,Shier,kshierj7@usda.gov,Female
Alwin,Bithell,abithellj8@parallels.com,Male
Krishnah,Giocannoni,kgiocannonij9@macromedia.com,Male
Georgy,Sharrock,gsharrockja@clickbank.net,Male
Verena,Gruszczak,vgruszczakjb@1688.com,Female
Jdavie,Schout,jschoutjc@cornell.edu,Male
Aileen,Rounsivall,arounsivalljd@wikipedia.org,Female
Corty,Kubasiewicz,ckubasiewiczje@mlb.com,Male
Klement,Van Der Weedenburg,kvanderweedenburgjf@yale.edu,Male
Fernande,Meysham,fmeyshamjg@sogou.com,Female
Aryn,Christoffels,achristoffelsjh@ca.gov,Female
Nona,Larmett,nlarmettji@tripadvisor.com,Female
Twyla,Germaine,tgermainejj@mail.ru,Female
Hermie,Pettingall,hpettingalljk@zimbio.com,Male
Malorie,Gallymore,mgallymorejl@usa.gov,Female
Camala,Straw,cstrawjm@theguardian.com,Genderfluid
Liv,Babbs,lbabbsjn@virginia.edu,Female
Corabel,Lockyear,clockyearjo@omniture.com,Female
Siward,Headey,sheadeyjp@noaa.gov,Male
Jenda,Marritt,jmarrittjq@cdbaby.com,Genderfluid
Zebulen,Blanch,zblanchjr@shop-pro.jp,Male
Raffarty,Elizabeth,relizabethjs@bandcamp.com,Male
Jae,McInnes,jmcinnesjt@1688.com,Male
Theodora,Louca,tloucaju@geocities.com,Female
Margaretha,Waitland,mwaitlandjv@opera.com,Female
Jermain,Marre,jmarrejw@skype.com,Male
Britt,Cartledge,bcartledgejx@japanpost.jp,Female
Gisela,Storton,gstortonjy@aboutads.info,Female
Mohandas,Day,mdayjz@xrea.com,Male
Nikolai,Ollett,nollettk0@dropbox.com,Male
Adelind,Bartolomivis,abartolomivisk1@free.fr,Female
Anastassia,Gherarducci,agherarduccik2@unblog.fr,Female
Nick,Thurby,nthurbyk3@goo.gl,Male
Emmye,Killwick,ekillwickk4@buzzfeed.com,Female
Rodrick,Trymme,rtrymmek5@i2i.jp,Male
Dosi,Bortolazzi,dbortolazzik6@elegantthemes.com,Female
Anne-marie,Melly,amellyk7@mit.edu,Female
Jefferey,Baumann,jbaumannk8@ted.com,Male
Roddie,Pavlishchev,rpavlishchevk9@gravatar.com,Male
Marla,Chetwin,mchetwinka@macromedia.com,Female
Lark,Raven,lravenkb@netscape.com,Female
Jasmina,O'Conor,joconorkc@cocolog-nifty.com,Female
Darleen,Kubiczek,dkubiczekkd@pbs.org,Female
Faith,McGrale,fmcgraleke@dropbox.com,Female
Cinda,Cuttler,ccuttlerkf@mysql.com,Female
Sheridan,Nares,snareskg@bloglovin.com,Male
Pearl,Muscroft,pmuscroftkh@wikispaces.com,Bigender
Tamra,Bocken,tbockenki@answers.com,Female
Zsa zsa,Aseef,zaseefkj@youtu.be,Female
Theobald,Goodie,tgoodiekk@is.gd,Male
Gran,Cappel,gcappelkl@virginia.edu,Male
Berkeley,Kellen,bkellenkm@boston.com,Male
Holmes,Ponton,hpontonkn@edublogs.org,Male
Deb,Spencook,dspencookko@google.cn,Female
Lauren,Normanell,lnormanellkp@cnet.com,Male
Clarie,Dysert,cdysertkq@alibaba.com,Female
Mortimer,Smiley,msmileykr@oaic.gov.au,Male
Cristie,Brownell,cbrownellks@salon.com,Female
Anselm,Shickle,ashicklekt@i2i.jp,Male
Vassily,Aers,vaersku@blogs.com,Male
Malory,Olivie,moliviekv@latimes.com,Female
Guglielmo,Marchent,gmarchentkw@geocities.jp,Male
Alexandre,Whightman,awhightmankx@goo.gl,Male
Saidee,Priestman,spriestmanky@bigcartel.com,Female
Antoni,Queyeiro,aqueyeirokz@ifeng.com,Male
Michele,Cessford,mcessfordl0@imdb.com,Male
Johnathon,O'Daly,jodalyl1@youku.com,Male
Wilone,Colbourne,wcolbournel2@slideshare.net,Female
Fonz,Kroch,fkrochl3@unicef.org,Male
Frazier,Donnel,fdonnell4@diigo.com,Male
Shurwood,Villa,svillal5@wikia.com,Polygender
Phelia,Willars,pwillarsl6@independent.co.uk,Female
Ginger,Filshin,gfilshinl7@quantcast.com,Male
Bengt,Beardsdale,bbeardsdalel8@unesco.org,Male
Bonita,Moy,bmoyl9@state.gov,Female
Opalina,Beaconsall,obeaconsallla@wsj.com,Female
Freddie,Heak,fheaklb@unesco.org,Male
Perice,Coulsen,pcoulsenlc@phpbb.com,Male
Krystle,Druce,kdruceld@cdbaby.com,Female
Emerson,Hammerberger,ehammerbergerle@angelfire.com,Male
Nahum,Towndrow,ntowndrowlf@cnn.com,Male
Cary,Shiril,cshirillg@flavors.me,Male
Jeremie,Screech,jscreechlh@quantcast.com,Male
Renard,O'Tierney,rotierneyli@cmu.edu,Male
Katalin,Acarson,kacarsonlj@goodreads.com,Female
Krystalle,Quinion,kquinionlk@51.la,Female
Enid,McGillivray,emcgillivrayll@admin.ch,Agender
Celestia,Mulrean,cmulreanlm@gnu.org,Female
Yulma,Hebble,yhebbleln@bluehost.com,Male
Erma,Castrillo,ecastrillolo@va.gov,Female
Timmy,Brogi,tbrogilp@lulu.com,Male
Rodolph,Morecomb,rmorecomblq@liveinternet.ru,Male
Torin,Stebbings,tstebbingslr@seattletimes.com,Male
Bartholomeus,Dreossi,bdreossils@globo.com,Male
Simon,Cater,scaterlt@angelfire.com,Male
Lucias,Buckingham,lbuckinghamlu@fotki.com,Male
Deedee,McVeigh,dmcveighlv@nba.com,Female
Murial,Shergold,mshergoldlw@mapquest.com,Female
Cahra,Saines,csaineslx@cbc.ca,Bigender
Taffy,Streader,tstreaderly@typepad.com,Female
Joete,Beresfore,jberesforelz@nps.gov,Female
Lyndell,Orys,lorysm0@indiatimes.com,Female
Benetta,Eloy,beloym1@businesswire.com,Female
Cecilius,Edmonston,cedmonstonm2@tamu.edu,Male
Kyle,Okey,kokeym3@ycombinator.com,Female
Charlean,Prandy,cprandym4@taobao.com,Female
Maryanne,Blankenship,mblankenshipm5@guardian.co.uk,Female
Jarad,Meredith,jmeredithm6@miitbeian.gov.cn,Male
Janaya,Marriot,jmarriotm7@4shared.com,Female
Marje,Trewartha,mtrewartham8@blinklist.com,Female
Terry,Cartwight,tcartwightm9@nba.com,Female
Marchelle,Shearn,mshearnma@hostgator.com,Female
Hillel,Bernhardi,hbernhardimb@elpais.com,Polygender
Lanie,Giddons,lgiddonsmc@home.pl,Polygender
Krispin,Wride,kwridemd@nymag.com,Male
Lucie,Bunney,lbunneyme@china.com.cn,Female
Alexandros,Moston,amostonmf@biglobe.ne.jp,Male
Giff,Toping,gtopingmg@tinyurl.com,Male
Stafford,Ogg,soggmh@themeforest.net,Male
Merv,Hamnet,mhamnetmi@ucsd.edu,Male
Manuel,Hopfner,mhopfnermj@arstechnica.com,Male
Isacco,Blaw,iblawmk@de.vu,Male
Deck,Le Grove,dlegroveml@multiply.com,Male
Brnaby,Gratten,bgrattenmm@home.pl,Male
Clementia,Sipson,csipsonmn@geocities.jp,Female
Elinor,Proger,eprogermo@github.com,Female
Sherill,Kleinhausen,skleinhausenmp@delicious.com,Female
Ardith,Iannelli,aiannellimq@ebay.com,Female
Monro,Gozzard,mgozzardmr@redcross.org,Male
Kristin,Puttock,kputtockms@wikispaces.com,Female
Wat,Tufts,wtuftsmt@pcworld.com,Male
Finn,Neathway,fneathwaymu@tinypic.com,Male
Christopher,Bagworth,cbagworthmv@hud.gov,Male
Micah,Piscot,mpiscotmw@accuweather.com,Male
Daniel,Wyatt,dwyattmx@chron.com,Male
Florence,Fewlass,ffewlassmy@hatena.ne.jp,Female
Nicol,Goodday,ngooddaymz@microsoft.com,Male
Sayre,Andreaccio,sandreaccion0@example.com,Female
Seline,Alenichev,salenichevn1@wix.com,Female
Carolee,Frostick,cfrostickn2@springer.com,Female
Gray,Criple,gcriplen3@mail.ru,Male
Catlee,Locarno,clocarnon4@symantec.com,Female
Catrina,Howford,chowfordn5@canalblog.com,Female
Aurelie,Erdis,aerdisn6@addthis.com,Female
Bonnee,Kermit,bkermitn7@bbb.org,Female
Clareta,Mawby,cmawbyn8@pcworld.com,Female
Perren,Bazoge,pbazogen9@adobe.com,Male
Mike,Bertlin,mbertlinna@cdc.gov,Male
Gypsy,Northin,gnorthinnb@ovh.net,Female
Jerrilee,Perkins,jperkinsnc@howstuffworks.com,Female
Kinsley,Pietrzak,kpietrzaknd@independent.co.uk,Male
Tallie,Crosdill,tcrosdillne@infoseek.co.jp,Male
Celinka,Ivanenko,civanenkonf@list-manage.com,Female
Claudianus,Mateev,cmateevng@upenn.edu,Male
Malchy,Ivens,mivensnh@arstechnica.com,Male
Gipsy,Emmanuel,gemmanuelni@sourceforge.net,Female
Daryle,Fogt,dfogtnj@amazon.com,Male
Bent,Cawte,bcawtenk@jimdo.com,Male
Clyve,Capinetti,ccapinettinl@e-recht24.de,Male
Krissie,Renihan,krenihannm@comcast.net,Female
Aymer,von Hagt,avonhagtnn@ebay.co.uk,Male
Cal,Smallthwaite,csmallthwaiteno@telegraph.co.uk,Male
Charlean,Painter,cpainternp@nifty.com,Female
Rea,Domney,rdomneynq@netscape.com,Female
Issi,Golagley,igolagleynr@plala.or.jp,Female
Corinna,Gyorffy,cgyorffyns@vinaora.com,Female
Abe,Pund,apundnt@amazon.de,Male
Luca,Bunch,lbunchnu@blogtalkradio.com,Male
Bordy,Treswell,btreswellnv@cafepress.com,Male
Vito,Chopin,vchopinnw@zimbio.com,Male
Aili,Gager,agagernx@photobucket.com,Female
Mallorie,Rozycki,mrozyckiny@marketwatch.com,Female
Correna,Kinch,ckinchnz@chicagotribune.com,Female
Hunt,Thirtle,hthirtleo0@xrea.com,Male
Ondrea,Whitlam,owhitlamo1@google.com,Genderfluid
Kirstin,La Rosa,klarosao2@nih.gov,Female
Berti,Fontanet,bfontaneto3@symantec.com,Female
Virgina,Johns,vjohnso4@prnewswire.com,Non-binary
Sharron,Iwaszkiewicz,siwaszkiewiczo5@ebay.co.uk,Female
Duffie,Terrelly,dterrellyo6@mozilla.org,Male
Terrill,Strippel,tstrippelo7@gizmodo.com,Male
Sibilla,Gilliland,sgillilando8@github.com,Female
Friederike,Jobern,fjoberno9@marriott.com,Female
Walker,Chittie,wchittieoa@sciencedaily.com,Male
Shell,Jacox,sjacoxob@usda.gov,Male
Daffy,Lamping,dlampingoc@shutterfly.com,Female
Jaymie,Kigelman,jkigelmanod@foxnews.com,Genderqueer
Jerry,Christou,jchristouoe@github.io,Male
Mendel,Tabrett,mtabrettof@cnbc.com,Male
Basilio,Piatto,bpiattoog@ftc.gov,Male
Cherie,Hatchette,chatchetteoh@bigcartel.com,Female
Annalise,Linkleter,alinkleteroi@shutterfly.com,Genderfluid
Delora,Rubin,drubinoj@alexa.com,Female
Joshuah,Longhorn,jlonghornok@cyberchimps.com,Male
Patty,Skilton,pskiltonol@taobao.com,Male
Gisele,Leacock,gleacockom@washington.edu,Female
Sheridan,Eason,seasonon@livejournal.com,Male
Sayre,Aspole,saspoleoo@ezinearticles.com,Female
Aron,Belsher,abelsherop@guardian.co.uk,Male
Teddy,Lavell,tlavelloq@pcworld.com,Female
Sal,Cogman,scogmanor@squarespace.com,Male
Rab,Ferrant,rferrantos@bravesites.com,Male
Modestine,Capp,mcappot@free.fr,Female
Wilton,Charlwood,wcharlwoodou@qq.com,Male
Maurise,Scurlock,mscurlockov@163.com,Male
Danie,Balden,dbaldenow@loc.gov,Male
Josefina,Reinert,jreinertox@twitpic.com,Female
Garland,Valente,gvalenteoy@yahoo.com,Female
Orrin,Robshaw,orobshawoz@behance.net,Male
Sybyl,Yonge,syongep0@engadget.com,Female
Aprilette,Spritt,asprittp1@shutterfly.com,Female
Norrie,Olsson,nolssonp2@ning.com,Male
Kimberlee,Hunton,khuntonp3@eventbrite.com,Female
Peyton,Jadczak,pjadczakp4@ft.com,Polygender
Edsel,O'Doireidh,eodoireidhp5@goo.ne.jp,Male
Erny,Reolfo,ereolfop6@youtube.com,Male
Adiana,Noad,anoadp7@census.gov,Female
Malissa,Fortune,mfortunep8@intel.com,Female
Shawna,Dark,sdarkp9@engadget.com,Female
Lulu,Nutty,lnuttypa@youku.com,Agender
Hynda,McAneny,hmcanenypb@about.com,Female
Kelby,Rosier,krosierpc@youku.com,Male
Maurice,Cleveland,mclevelandpd@dmoz.org,Male
Geri,Probbings,gprobbingspe@va.gov,Male
Dave,Saenz,dsaenzpf@eventbrite.com,Male
Eddy,Gencke,egenckepg@deliciousdays.com,Male
Inez,Liffe,iliffeph@amazon.de,Female
Austen,Questier,aquestierpi@google.co.uk,Male
Brenden,Petraitis,bpetraitispj@theguardian.com,Male
Ivan,Jirick,ijirickpk@networksolutions.com,Male
Golda,Scoggin,gscogginpl@amazon.com,Female
Dayle,Skates,dskatespm@unicef.org,Female
Janka,Burdis,jburdispn@dot.gov,Polygender
Kris,McTurlough,kmcturloughpo@csmonitor.com,Genderqueer
Jim,Bremeyer,jbremeyerpp@huffingtonpost.com,Male
Alexandrina,Decourt,adecourtpq@marriott.com,Bigender
Lionello,Berthel,lberthelpr@answers.com,Male
Morley,Bufton,mbuftonps@apache.org,Male
Marlene,Treagust,mtreagustpt@studiopress.com,Non-binary
Zachary,Boken,zbokenpu@a8.net,Male
Lavinie,Isham,lishampv@vkontakte.ru,Bigender
Robbi,Norris,rnorrispw@census.gov,Female
Rita,Mandy,rmandypx@diigo.com,Female
Bibbye,Wille,bwillepy@tinyurl.com,Female
Liza,Chown,lchownpz@go.com,Female
Paule,Fawckner,pfawcknerq0@list-manage.com,Female
Dniren,Albrighton,dalbrightonq1@marketwatch.com,Non-binary
Abby,Olivetta,aolivettaq2@wufoo.com,Male
Renie,Caff,rcaffq3@buzzfeed.com,Female
Domeniga,Jarrett,djarrettq4@sina.com.cn,Genderfluid
Manon,Duffie,mduffieq5@cyberchimps.com,Female
Sile,Lyal,slyalq6@businesswire.com,Female
Emanuel,Tunsley,etunsleyq7@technorati.com,Male
Towny,Doxsey,tdoxseyq8@sfgate.com,Male
Jacintha,Hallen,jhallenq9@360.cn,Female
Lurette,Indgs,lindgsqa@fc2.com,Female
Claudell,Hawkyens,chawkyensqb@jimdo.com,Male
Anitra,Anfossi,aanfossiqc@goo.ne.jp,Genderfluid
Asher,Gibben,agibbenqd@seattletimes.com,Male
Thaxter,Muckian,tmuckianqe@alexa.com,Male
Hoebart,Miskin,hmiskinqf@usgs.gov,Male
Clarisse,O'Shields,coshieldsqg@qq.com,Female
Tod,Balderston,tbalderstonqh@quantcast.com,Genderfluid
Luis,Lockwood,llockwoodqi@imgur.com,Male
Roma,Lilleman,rlillemanqj@businesswire.com,Male
Bertram,Tal,btalqk@google.fr,Male
Paolina,Waterstone,pwaterstoneql@ucsd.edu,Female
Armand,Catherick,acatherickqm@soundcloud.com,Male
Durward,Keilty,dkeiltyqn@youku.com,Male
Marlena,Dallender,mdallenderqo@lulu.com,Female
Barbaraanne,Camilli,bcamilliqp@sitemeter.com,Female
Yule,Tousey,ytouseyqq@yandex.ru,Male
Alvis,Cometto,acomettoqr@newyorker.com,Male
Arlina,Shevell,ashevellqs@storify.com,Female
Raphael,Coatts,rcoattsqt@dropbox.com,Male
Nelli,Briars,nbriarsqu@netscape.com,Female
Jaye,Pritty,jprittyqv@whitehouse.gov,Male
Barton,Spillane,bspillaneqw@archive.org,Male
Mayor,Vidloc,mvidlocqx@gizmodo.com,Polygender
Tova,Treker,ttrekerqy@mac.com,Female
Georgetta,Curness,gcurnessqz@comcast.net,Genderqueer
Fergus,Brennenstuhl,fbrennenstuhlr0@mediafire.com,Male
Ole,Fountain,ofountainr1@cam.ac.uk,Male
Lila,Ferrettini,lferrettinir2@nature.com,Female
Roderigo,Teasdale,rteasdaler3@oracle.com,Male
Georgeanne,Chipman,gchipmanr4@bigcartel.com,Non-binary
Tammie,Hordle,thordler5@macromedia.com,Female
Filia,Scrimshaw,fscrimshawr6@plala.or.jp,Female
Ambros,Stouther,astoutherr7@scribd.com,Male
Wesley,Jurick,wjurickr8@businesswire.com,Male
Corney,Champkins,cchampkinsr9@google.co.jp,Male
Beaufort,Whapham,bwhaphamra@msn.com,Male
Gamaliel,Abba,gabbarb@accuweather.com,Male
Siffre,Doncom,sdoncomrc@skyrock.com,Male
Allen,Lopez,alopezrd@wordpress.org,Male
Marquita,Frarey,mfrareyre@soundcloud.com,Female
Merv,Gazzard,mgazzardrf@scientificamerican.com,Bigender
Stephanus,Muccino,smuccinorg@ibm.com,Genderqueer
Shaine,Conquer,sconquerrh@bbb.org,Genderfluid
Alfy,Tanser,atanserri@netscape.com,Genderfluid
Evyn,Denyer,edenyerrj@irs.gov,Male
Serge,Dusey,sduseyrk@dropbox.com,Male
Gus,Schoales,gschoalesrl@comcast.net,Agender
Nydia,Tinsley,ntinsleyrm@posterous.com,Female
Udall,Guillotin,uguillotinrn@soup.io,Male
Isa,Lattimore,ilattimorero@nbcnews.com,Female
Etty,Matschuk,ematschukrp@china.com.cn,Agender
Drusi,Simmen,dsimmenrq@bravesites.com,Female
Doroteya,Lief,dliefrr@myspace.com,Female
